<keymap version="1" name="Visual Studio custom" parent="Visual Studio">
  <action id="Arrangement.Alias.Rule.Match.Condition.Move.Down" />
  <action id="Arrangement.Rule.Group.Condition.Move.Down" />
  <action id="Arrangement.Rule.Match.Condition.Move.Down" />
  <action id="Arrangement.Rule.Match.Condition.Move.Up">
    <keyboard-shortcut first-keystroke="alt s" />
  </action>
  <action id="MethodDown" />
  <action id="MethodUp" />
  <action id="MoveLineDown">
    <keyboard-shortcut first-keystroke="alt down" />
  </action>
  <action id="MoveLineUp">
    <keyboard-shortcut first-keystroke="alt up" />
  </action>
  <action id="ShowContent" />
  <action id="ShowSearchHistory" />
  <action id="ToggleContentUiTypeMode">
    <keyboard-shortcut first-keystroke="alt x" second-keystroke="x" />
  </action>
  <action id="UsageView.ShowRecentFindUsages" />
</keymap>