<application>
  <component name="CodeLensSettings" defaultAnchor="Right">
    <limits>
      <map>
        <entry key="Right" value="1" />
        <entry key="Top" value="2" />
      </map>
    </limits>
    <anchor>
      <map>
        <entry key="Burst compiled code" value="Default" />
        <entry key="UFunctions implementations" value="Default" />
        <entry key="UProperties write access" value="Default" />
        <entry key="Unity Assets Usage" value="Default" />
        <entry key="Unity implicit usage" value="Default" />
        <entry key="Unity serialized field" value="Default" />
        <entry key="VcsAuthorCodeLensProvider" value="Default" />
      </map>
    </anchor>
    <enabled>
      <map />
    </enabled>
  </component>
</application>